PanjivaRecordID,HSCode,ShipmentDestination,ShipperPanjivaID,TransportMethod
4432892,18,24,43,1
4449340,18,24,43,0
4356348,42,4,29,1
4356412,40,4,17,1
4361788,41,7,61,1
4377660,28,4,13,1
4381116,40,4,29,1
4387068,24,2,22,1
4393212,18,24,43,1
4406780,9,4,36,1
4416316,40,4,29,1
4416380,42,0,62,1
4421820,41,24,88,1
4421884,56,0,2,1
4398908,23,9,41,2
4433660,9,4,36,1
4399228,3,9,41,2
4439228,40,4,29,1
4443708,40,4,86,1
4356476,30,3,87,2
4369020,30,3,64,2
4433852,30,3,64,2
4462012,30,3,72,2
4462204,25,3,38,2
4357244,39,24,59,1
4372412,23,24,53,1
4383612,0,25,32,2
4444732,39,24,59,1
4375292,3,9,89,1
4404668,14,24,33,1
4420156,33,23,3,1
4420412,11,14,41,1
4420732,55,24,83,1
4420860,55,24,83,1
4448636,30,24,28,1
4400636,20,3,38,2
4421565,48,22,23,2
4432893,18,24,43,1
4449277,48,9,41,2
4356349,42,4,29,1
4356413,40,4,17,1
4361789,41,7,61,1
4361277,48,22,23,2
4361661,23,24,65,1
4366973,45,22,23,2
4381117,40,4,29,1
4387069,24,2,22,1
4399549,40,4,16,1
4393213,18,24,43,1
4406781,9,4,36,1
4416317,40,4,29,1
4393469,23,24,65,1
4416381,42,0,62,1
4421821,41,24,88,1
4421885,56,0,2,1
4398909,45,9,41,2
4433661,9,4,36,1
4439229,40,4,29,1
4443709,40,4,86,1
4356477,30,3,87,2
4369021,41,3,64,2
4378173,23,12,5,2
4411901,41,3,64,2
4433853,45,3,64,2
4434109,48,3,64,2
4455677,30,3,64,2
4461757,30,3,64,2
4462205,2,3,38,2
4357245,39,24,59,1
4372285,20,22,0,2
4444733,39,24,59,1
4360125,35,24,41,1
4420157,30,23,3,1
4420733,55,24,83,1
4425405,45,9,89,1
4448637,30,24,28,1
4453949,21,24,8,1
4432894,18,24,43,1
4438782,18,24,43,0
4356350,42,4,29,1
4356414,40,4,17,1
4361790,23,7,61,1
4361278,48,22,23,2
4366974,45,22,23,2
4381118,40,4,29,1
4387070,24,2,22,1
4399550,40,4,16,1
4393214,18,24,43,1
4406782,9,4,36,1
4416318,40,4,29,1
4416382,42,0,62,1
4421822,41,24,88,1
4421886,56,0,2,1
4398910,30,9,41,2
4433662,9,4,36,1
4439230,40,4,29,1
4443710,40,4,86,1
4356478,3,3,87,2
4411902,41,3,64,2
4434110,30,3,64,2
4455678,45,3,64,2
4359038,55,24,41,0
4463806,48,22,5,2
4357246,39,24,59,1
4444734,39,24,59,1
4460158,23,3,9,2
4359998,32,23,41,1
4392446,20,1,20,1
4420158,54,23,3,1
4448638,30,24,28,1
4453950,21,24,8,1
4472574,23,26,71,1
4398206,48,9,39,2
4426687,36,19,23,1
4432895,18,24,43,1
4438783,18,24,43,0
4356415,40,4,17,1
4361791,53,7,61,1
4366975,30,22,23,2
4381119,40,4,29,1
4387071,24,2,22,1
4399487,40,4,66,1
4416383,42,0,62,1
4399551,40,4,16,1
4393215,18,24,43,1
4406783,9,4,36,1
4416319,40,4,29,1
4421823,41,24,88,1
4421887,56,0,2,1
4399103,55,9,41,2
4433663,9,4,36,1
4439231,40,4,29,1
4443711,40,4,86,1
4356479,3,3,87,2
4369023,41,3,64,2
4411903,45,3,64,2
4434111,45,3,64,2
4461759,23,3,64,2
4463807,23,22,5,2
4357247,39,24,59,1
4357759,14,3,33,2
4401215,15,24,73,0
4424895,36,3,76,2
4444735,39,24,59,1
4460159,23,3,9,2
4460223,20,3,9,2
4375295,45,9,89,1
4392447,48,1,20,1
4420799,55,24,83,1
4438207,30,20,85,1
4448639,30,24,28,1
4472575,23,26,71,1
4432891,18,24,43,1
4449339,18,24,43,0
4356411,40,4,86,1
4361787,41,7,61,1
4377659,28,4,13,1
4381115,40,4,29,1
4387067,24,2,22,1
4406651,40,4,26,1
4393211,18,24,43,1
4406779,9,4,36,1
4416315,40,4,29,1
4421819,41,24,88,1
4421883,56,0,2,1
4398907,30,9,41,2
4433659,9,4,36,1
4399227,3,9,41,2
4439227,40,4,29,1
4443707,40,4,86,1
4356475,30,3,87,2
4368891,45,3,64,2
4378171,23,12,5,2
4461755,41,3,64,2
4462203,20,3,38,2
4357243,39,24,59,1
4407867,14,3,67,2
4419899,8,9,51,0
4444731,39,24,59,1
4359995,30,23,41,1
4404667,14,24,33,1
4420155,30,23,3,1
4420411,35,14,41,1
4420731,55,24,83,1
4448635,30,24,28,1
4366331,11,9,40,2
4400635,23,3,38,2
4421561,23,22,23,2
4432889,18,24,43,1
4449337,18,24,43,0
4454649,48,12,41,2
4356409,40,4,86,1
4361785,3,7,61,1
4366841,23,24,65,1
4367545,36,19,23,1
4377657,28,4,26,1
4381113,40,4,29,1
4387065,24,2,22,1
4406649,40,4,26,1
4393209,18,24,43,1
4406777,9,4,36,1
4416313,40,4,29,1
4393529,23,24,65,1
4421817,41,24,88,1
4421881,56,0,2,1
4433657,9,29,36,1
4439225,40,4,29,1
4443705,40,4,49,1
4356473,30,3,87,2
4399673,30,25,9,2
4433849,30,3,64,2
4464057,44,3,64,2
4358009,14,9,67,2
4372281,20,22,0,2
4407865,14,3,67,2
4418361,39,24,59,0
4459001,8,3,76,2
4392633,3,16,41,1
4397305,41,24,80,1
4404665,14,24,33,1
4420153,12,23,3,1
4420857,55,24,83,1
4430201,14,1,46,1
4438201,30,20,85,1
4448633,30,24,28,1
4461113,28,24,56,1
4376697,45,9,1,2
4400633,20,3,38,2
4449265,45,9,41,2
4356273,42,24,88,1
4356337,13,0,68,1
4356401,40,10,66,1
4361777,45,7,61,1
4361393,18,24,43,1
4380849,9,4,36,1
4387057,40,4,84,1
4393585,13,0,63,1
4393009,30,22,23,2
4393201,18,24,43,1
4406769,9,4,36,1
4416369,40,4,29,1
4416433,9,4,70,1
4421809,42,24,88,1
4421873,56,0,2,1
4433649,9,4,36,1
4433777,9,4,29,1
4439217,40,4,29,1
4421233,23,24,65,1
4368177,14,25,31,2
4381425,45,3,12,2
4444081,22,22,25,2
4455665,45,3,64,2
4358641,36,24,73,0
4461745,17,3,64,2
4462065,2,3,38,2
4462257,30,3,64,2
4464049,30,3,64,2
4447537,14,3,67,2
4457841,1,21,69,1
4458353,34,24,37,0
4360049,4,23,41,1
4375025,14,24,33,1
4420721,55,24,83,1
4425393,55,9,89,1
4448625,30,24,28,1
4453937,21,24,8,1
4376817,14,9,48,2
4421548,48,22,23,2
4421612,23,24,65,1
4449708,23,24,65,1
4454636,45,12,41,2
4356268,42,24,88,1
4356396,40,4,47,1
4361836,40,4,16,1
4366956,10,22,23,2
4381100,40,4,29,1
4393580,13,0,63,1
4393196,18,24,43,1
4406764,9,4,36,1
4416364,40,4,29,1
4416428,9,4,70,1
4421804,41,24,88,1
4433644,9,4,36,1
4433708,9,4,36,1
4433772,9,4,29,1
4439212,40,4,29,1
4356460,3,3,87,2
4368876,30,3,64,2
4369004,45,3,64,2
4378092,45,3,64,2
4381228,48,3,64,2
4393964,8,12,42,2
4399660,23,25,9,2
4400684,30,3,64,2
4417068,30,3,74,2
4444012,31,25,78,2
4462188,20,3,38,2
4373996,14,3,67,2
4395820,23,27,69,1
4409580,8,3,76,2
4412268,21,24,73,0
4457836,23,21,69,1
4458348,0,24,37,0
4392556,30,16,85,1
4392620,30,16,41,1
4425388,23,9,89,1
4453612,11,1,40,1
4454644,11,12,41,2
4356340,13,0,68,1
4356404,40,4,86,1
4361780,3,7,61,1
4361396,18,24,43,1
4377652,40,4,13,1
4386996,40,4,79,1
4387060,40,4,84,1
4393588,13,0,63,1
4393012,36,22,23,2
4406772,9,4,36,1
4393524,23,24,65,1
4416436,9,4,70,1
4421812,41,24,88,1
4421876,56,0,2,1
4433652,9,4,36,1
4399220,20,9,41,2
4433780,9,4,29,1
4439092,40,4,26,1
4439220,40,4,29,1
4411124,44,24,75,0
4421236,23,24,65,1
4356468,3,3,87,2
4368948,23,3,64,2
4381236,41,3,64,2
4400692,23,3,64,2
4444084,22,22,25,2
4455668,37,3,64,2
4358644,36,24,73,0
4461748,17,3,64,2
4462132,48,3,64,2
4418740,14,3,67,2
4422580,1,12,0,2
4441652,14,3,67,2
4458356,34,24,37,0
4460212,20,3,9,2
4472180,49,24,19,0
4360052,20,23,41,1
4360180,3,24,41,1
4360244,30,28,85,1
4392500,45,17,85,1
4404660,43,1,40,1
4425396,23,9,89,1
4448628,30,24,28,1
4410420,49,9,51,0
4432890,18,24,43,1
4449338,18,24,43,0
4356410,40,4,86,1
4361786,41,7,61,1
4377658,40,4,26,1
4381114,40,4,29,1
4387066,24,2,22,1
4406650,40,4,26,1
4393210,18,24,43,1
4406778,9,4,36,1
4416314,40,4,29,1
4421818,41,24,88,1
4421882,56,0,2,1
4433658,9,4,36,1
4399226,32,9,41,2
4356474,30,3,87,2
4368890,30,3,64,2
4368954,30,3,64,2
4369018,45,3,64,2
4462138,45,3,64,2
4462202,20,3,38,2
4464058,32,3,64,2
4372282,20,22,0,2
4418362,39,24,59,0
4444730,39,24,59,1
4459002,31,3,76,2
4375290,45,9,89,1
4397306,43,24,80,1
4404666,14,24,33,1
4420410,35,14,41,1
4425402,45,9,89,1
4438202,53,20,85,1
4448634,30,24,28,1
4376698,48,9,39,2
4400634,20,3,38,2
4454749,18,24,43,1
4356253,41,24,88,1
4356381,40,4,16,1
4361373,18,24,43,1
4366557,30,25,23,2
4386973,13,0,22,1
4393181,18,24,43,1
4406749,9,4,36,1
4406813,9,4,36,1
4416477,13,0,68,1
4421789,41,24,88,1
4398749,30,25,23,2
4426845,42,4,30,1
4433693,9,4,36,1
4433757,9,4,29,1
4439133,40,4,26,1
4439197,28,4,21,1
4443677,13,0,68,1
4443741,13,0,63,1
4368925,2,3,38,2
4400733,45,3,64,2
4358365,23,24,69,1
4456285,45,3,11,2
4462109,31,3,64,2
4364381,48,12,0,0
4372253,0,24,37,0
4373469,21,16,34,0
4381789,49,9,51,0
4395805,1,27,69,1
4451229,21,20,85,0
4469149,14,3,67,2
4392285,38,16,20,1
4425309,14,24,52,1
4430621,14,24,33,1
4400541,48,3,38,2
4421610,17,22,23,2
4421546,48,22,23,2
4449258,30,9,41,2
4454762,18,24,43,1
4356266,42,24,88,1
4356394,40,4,47,1
4361834,40,4,16,1
4361386,18,24,43,1
4367146,50,25,23,2
4386986,13,0,22,1
4393194,18,24,43,1
4406762,9,4,36,1
4416362,40,4,29,1
4421802,41,24,88,1
4398698,30,25,23,2
4433642,9,4,36,1
4433706,9,4,36,1
4433770,9,4,29,1
4356458,3,3,87,2
4381226,45,3,64,2
4393962,8,12,42,2
4399658,23,25,9,2
4468650,3,3,10,2
4370218,14,3,33,2
4373994,14,3,67,2
4403434,34,24,37,0
4409578,23,3,76,2
4437802,1,3,51,0
4457834,23,21,69,1
4458346,0,24,37,0
4392298,54,16,20,1
4404586,14,1,46,1
4420138,30,23,3,1
4425386,7,9,89,1
4453610,11,1,40,1
4453930,21,24,8,1
4420778,55,24,83,1
4421573,39,22,23,2
4432901,18,24,43,1
4454661,23,12,41,2
4356229,41,24,88,1
4356357,13,0,68,1
4356421,40,4,16,1
4361797,30,7,61,1
4381125,40,4,29,1
4399493,40,0,66,1
4393029,30,22,23,2
4399557,40,4,16,1
4406789,9,4,36,1
4416325,40,4,29,1
4421829,42,24,88,1
4398917,7,9,41,2
4433669,9,4,36,1
4433797,9,4,29,1
4367941,39,3,32,2
4369029,45,3,64,2
4434117,30,3,64,2
4462149,41,3,64,2
4462277,45,3,64,2
4357253,39,24,59,1
4372101,21,16,81,0
4374149,14,9,67,2
4424901,26,3,76,2
4444741,39,24,59,1
4360837,16,8,35,1
4420741,55,24,83,1
4425669,23,26,71,1
4453957,21,24,8,1
4472581,11,26,71,1
4376709,14,9,55,2
4386117,14,9,77,2
4454277,14,9,48,2
4400645,20,3,38,2
4421581,39,22,23,2
4432909,18,24,43,1
4454733,18,24,43,1
4454989,39,25,23,2
4356237,42,24,88,1
4356429,40,4,16,1
4361229,23,22,23,2
4361293,10,22,23,2
4367885,40,4,30,1
4380877,9,4,36,1
4381069,40,4,21,1
4399501,40,0,66,1
4393037,30,22,23,2
4399565,40,4,16,1
4406669,40,4,21,1
4406797,9,4,36,1
4416333,40,4,29,1
4416461,40,4,17,1
4421837,14,24,52,1
4433677,9,4,36,1
4433741,9,4,36,1
4433805,9,4,29,1
4439245,40,4,29,1
4443661,40,4,30,1
4356493,30,3,87,2
4400397,23,3,38,2
4432845,20,3,38,2
4416973,23,25,4,2
4444109,22,22,9,2
4358349,23,24,69,1
4357261,39,24,59,1
4373261,8,9,51,0
4444749,39,24,59,1
4452365,50,3,76,2
4360845,29,8,35,1
4397325,8,24,80,1
4420621,52,24,83,1
4420749,55,24,83,1
4430605,14,24,33,1
4410893,48,9,39,2
4431373,3,9,10,2
4438541,48,9,39,2
4454759,18,24,43,1
4356263,42,24,88,1
4356391,40,4,47,1
4361767,14,24,52,1
4361383,18,24,43,1
4381095,40,4,86,1
4386983,13,0,22,1
4393191,18,24,43,1
4406759,9,4,36,1
4393511,23,24,65,1
4416359,40,4,29,1
4421799,41,24,88,1
4398695,30,25,23,2
4433639,9,4,36,1
4433703,9,4,36,1
4433767,9,4,29,1
4378215,30,3,87,2
4381543,41,3,90,2
4432807,45,3,64,2
4462247,23,3,64,2
4364519,23,24,53,1
4395623,30,9,41,0
4403431,0,24,37,0
4404007,8,9,51,0
4397287,4,24,80,1
4420135,30,23,3,1
4453607,53,1,40,1
4385511,8,9,51,0
4420711,55,24,83,1
4420839,23,24,83,1
4449320,15,9,41,2
4454760,18,24,43,1
4356264,42,24,88,1
4356392,40,4,47,1
4361384,18,24,43,1
4366568,34,25,23,2
4381096,40,4,86,1
4386984,13,0,22,1
4393192,18,24,43,1
4406760,9,4,36,1
4416360,40,4,29,1
4421800,41,24,88,1
4398696,30,25,23,2
4433640,9,4,36,1
4433704,9,4,36,1
4433768,9,4,29,1
4378216,30,3,87,2
4381544,7,3,90,2
4393960,8,12,42,2
4417064,11,3,74,2
4432808,30,3,64,2
4462248,45,3,64,2
4466600,8,9,51,0
4360104,30,24,41,1
4392616,26,16,41,1
4396776,20,24,57,1
4420136,30,23,3,1
4453608,11,1,40,1
4420712,55,24,83,1
4421577,39,22,23,2
4432905,18,24,43,1
4449289,8,9,41,2
4449481,23,24,65,1
4454665,30,12,41,2
4356233,41,24,88,1
4356425,40,4,16,1
4361801,53,7,61,1
4361225,23,22,23,2
4367881,40,4,30,1
4380873,9,4,36,1
4399497,40,0,66,1
4393033,30,22,23,2
4399561,40,4,16,1
4406793,9,4,36,1
4416329,40,4,29,1
4416457,40,4,14,1
4421833,42,24,88,1
4433673,9,4,36,1
4433737,9,4,36,1
4433801,9,4,29,1
4439241,40,4,29,1
4400393,20,3,38,2
4432777,30,3,64,2
4433865,30,3,64,2
4462153,45,3,64,2
4463497,41,3,64,2
4357257,39,24,59,1
4372105,15,16,81,0
4383433,14,9,67,2
4428809,0,24,37,0
4437769,49,24,19,0
4441353,36,24,73,0
4444745,39,24,59,1
4469769,14,9,67,2
4360009,35,23,41,1
4360841,16,8,35,1
4397513,30,17,41,1
4420681,55,24,83,1
4425289,14,24,52,1
4425673,11,26,71,1
4453257,12,24,27,1
4453513,14,24,52,1
4453961,21,24,8,1
4425929,48,9,39,2
4400649,48,3,38,2
4432897,18,24,43,1
4449473,23,24,65,1
4454657,30,12,41,2
4356225,41,24,88,1
4356353,13,0,68,1
4356417,40,4,17,1
4361793,23,7,61,1
4366977,41,22,23,2
4387073,24,2,22,1
4399489,40,4,66,1
4393025,30,22,23,2
4399553,40,4,16,1
4406785,9,4,36,1
4416321,40,4,29,1
4421825,41,24,88,1
4398913,30,9,41,2
4433665,9,4,36,1
4356481,30,3,87,2
4368961,41,3,64,2
4399681,30,25,9,2
4462017,7,3,72,2
4357249,39,24,59,1
4371969,50,3,76,2
4401217,36,24,73,0
4424897,23,3,76,2
4444737,39,24,59,1
4460225,20,3,9,2
4469313,0,22,32,2
4360129,43,24,41,1
4420417,30,14,41,1
4448641,30,24,28,1
4453953,21,24,8,1
4472577,11,26,71,1
4438529,48,9,39,2
4454209,23,9,5,2
4400641,20,3,38,2
4421609,17,22,23,2
4426601,23,24,65,1
4454761,18,24,43,1
4356265,42,24,88,1
4356393,40,4,47,1
4361833,40,4,16,1
4361385,18,24,43,1
4381097,40,4,86,1
4386985,13,0,22,1
4393193,18,24,43,1
4406761,9,4,36,1
4416361,40,4,29,1
4421801,41,24,88,1
4398697,30,25,23,2
4433641,9,4,36,1
4433705,9,4,36,1
4433769,9,4,29,1
4381545,7,3,90,2
4393961,8,12,42,2
4399657,23,25,9,2
4417065,34,3,74,2
4462057,1,3,38,2
4403433,34,24,37,0
4409897,23,27,69,1
4440873,14,3,67,2
4458345,0,24,37,0
4392297,11,16,20,1
4425385,45,9,89,1
4453609,11,1,40,1
4420713,55,24,83,1
4420777,55,24,83,1
4421560,23,22,23,2
4426680,36,19,23,1
4449336,18,24,43,0
4455288,36,19,23,1
4356408,40,4,86,1
4361784,23,7,61,1
4361400,18,24,43,1
4381112,40,4,29,1
4387000,40,4,79,1
4387064,40,4,47,1
4406648,40,4,26,1
4393208,18,24,43,1
4406776,9,4,36,1
4421816,41,24,88,1
4421880,56,0,2,1
4433656,9,29,36,1
4433784,9,4,29,1
4439224,40,4,29,1
4443704,40,4,49,1
4356472,3,3,87,2
4368888,30,3,64,2
4433848,30,3,64,2
4462008,45,3,72,2
4462136,45,3,64,2
4363000,37,17,85,0
4382904,14,9,67,2
4418360,39,24,59,0
4442232,49,24,19,0
4460216,20,3,9,2
4359992,20,23,41,1
4360120,45,24,41,1
4360504,23,17,20,1
4366136,30,24,41,1
4392312,20,16,20,1
4392632,7,16,41,1
4448632,30,24,28,1
4453496,14,24,52,1
4461112,28,24,56,1
4467128,19,18,58,1
4376696,45,9,1,2
4454683,32,12,41,2
4454747,18,24,43,1
4356187,41,24,88,1
4356251,41,24,88,1
4356379,40,4,16,1
4361371,18,24,43,1
4399579,40,4,16,1
4393179,18,24,43,1
4406747,9,4,36,1
4406811,9,4,36,1
4416347,40,4,54,1
4368923,20,3,38,2
4416475,13,0,68,1
4421787,41,24,88,1
4398747,30,25,23,2
4398683,41,25,23,2
4426843,42,4,30,1
4433691,9,4,36,1
4399195,30,9,41,2
4433755,9,4,29,1
4439131,40,4,26,1
4443675,40,4,86,1
4443739,13,0,63,1
4415643,18,26,43,0
4368987,23,3,64,2
4381723,30,25,24,2
4400027,53,3,64,2
4400667,30,3,64,2
4432859,20,3,38,2
4456283,45,3,11,2
4462107,23,3,64,2
4364955,49,9,51,0
4373467,21,16,34,0
4452379,23,3,76,2
4469147,14,3,67,2
4360155,23,24,41,1
4360475,20,17,20,1
4392283,20,16,20,1
4392603,45,16,41,1
4397275,37,24,80,1
4420699,35,24,83,1
4430619,14,24,33,1
4376411,14,9,55,2
4400539,20,3,38,2
4420763,35,24,83,1
4443247,23,24,65,1
4449263,45,9,41,2
4454639,35,12,41,2
4356271,42,24,88,1
4356399,40,10,66,1
4361775,45,7,61,1
4361391,18,24,43,1
4361519,23,24,65,1
4366959,48,22,23,2
4380847,9,4,36,1
4386991,40,4,79,1
4393583,13,0,63,1
4393199,18,24,43,1
4406767,9,4,36,1
4416367,40,4,29,1
4416431,9,4,70,1
4421807,42,24,88,1
4433647,9,4,36,1
4399215,30,9,41,2
4433711,9,4,36,1
4433775,9,4,29,1
4439215,40,4,29,1
4368943,41,3,64,2
4369007,23,3,64,2
4378095,30,3,64,2
4381231,23,3,64,2
4432879,30,3,64,2
4444079,22,22,25,2
4358639,36,24,73,0
4461743,45,3,64,2
4462127,30,3,64,2
4360047,7,23,41,1
4360175,30,24,41,1
4360495,20,17,20,1
4410543,20,24,57,1
4420143,47,23,3,1
4420719,55,24,83,1
4425391,25,9,89,1
4448623,30,24,28,1
4398191,11,9,40,2
4420783,55,24,83,1
4454763,18,24,43,1
4356267,42,24,88,1
4356395,40,4,47,1
4361835,40,4,16,1
4361195,48,22,23,2
4361387,18,24,43,1
4361707,23,24,65,1
4381099,40,4,29,1
4393195,18,24,43,1
4406763,9,4,36,1
4393515,23,24,65,1
4416363,40,4,29,1
4416427,9,4,70,1
4421803,41,24,88,1
4433643,9,4,36,1
4433707,9,4,36,1
4399211,26,9,41,2
4433771,9,4,29,1
4356459,3,3,87,2
4393963,8,12,42,2
4399659,23,25,9,2
4400683,30,3,64,2
4400747,48,3,64,2
4417067,44,3,74,2
4373163,49,24,19,0
4394603,14,3,33,2
4395819,20,27,69,1
4457835,23,21,69,1
4458347,0,24,37,0
4397291,23,24,80,1
4453611,11,1,40,1
4373227,8,9,51,0
4420779,55,24,83,1
4421570,39,22,23,2
4432898,18,24,43,1
4356226,41,24,88,1
4356354,13,0,68,1
4356418,40,4,17,1
4361794,30,7,61,1
4355650,18,24,43,0
4387010,9,4,18,1
4387074,24,2,22,1
4399490,40,4,66,1
4393026,30,22,23,2
4399554,40,4,16,1
4406786,9,4,36,1
4416322,40,4,29,1
4393474,23,24,65,1
4421826,41,24,88,1
4433666,9,4,36,1
4433794,9,4,29,1
4356482,47,3,87,2
4369026,45,3,64,2
4433858,30,3,64,2
4461762,45,3,64,2
4357250,39,24,59,1
4371970,50,3,76,2
4372098,21,16,81,0
4401218,36,24,73,0
4444738,39,24,59,1
4469314,0,22,32,2
4392450,20,1,20,1
4425282,14,24,52,1
4472578,20,26,71,1
4454210,23,9,5,2
4400642,25,3,38,2
4421478,23,24,65,1
4421606,41,22,23,2
4449254,55,9,41,2
4454758,18,24,43,1
4356262,42,24,88,1
4356390,40,4,47,1
4361382,18,24,43,1
4366886,23,24,65,1
4377510,23,24,65,1
4381094,40,4,86,1
4386982,13,0,22,1
4393190,18,24,43,1
4406758,9,4,36,1
4411494,40,4,54,1
4416358,40,4,29,1
4421798,41,24,88,1
4398694,30,25,23,2
4426854,42,4,30,1
4433638,9,4,36,1
4433702,9,4,36,1
4433766,9,4,29,1
4356518,14,25,31,2
4381542,41,3,90,2
4400614,23,3,64,2
4400742,44,3,64,2
4432806,30,3,64,2
4432870,45,3,64,2
4462246,41,3,64,2
4403430,0,24,37,0
4440870,14,3,67,2
4471206,14,3,33,2
4365222,54,24,20,1
4392550,48,1,39,1
4392614,46,16,41,1
4453606,44,1,40,1
4442854,23,9,5,2
4421474,23,24,65,1
4426594,23,24,65,1
4449698,23,24,65,1
4454626,7,12,41,2
4356258,41,24,88,1
4356386,40,4,30,1
4361826,23,7,61,1
4361186,30,22,23,2
4361378,18,24,43,1
4361634,44,24,75,0
4366562,19,25,23,2
4380962,9,4,70,1
4392994,41,22,23,2
4393186,18,24,43,1
4406754,9,4,36,1
4416354,40,4,29,1
4416418,40,4,16,1
4416482,42,4,15,1
4421794,41,24,88,1
4398690,30,25,23,2
4433634,9,4,36,1
4433698,9,4,36,1
4433762,9,4,29,1
4443682,13,0,68,1
4416290,23,24,65,1
4393762,23,25,5,2
4400674,30,3,64,2
4427106,27,3,45,2
4463906,14,25,31,2
4395746,1,27,69,1
4395810,1,27,69,1
4360034,45,23,41,1
4392290,20,16,20,1
4392546,48,1,39,1
4400546,23,3,38,2
4454629,45,12,41,2
4454757,18,24,43,1
4356261,42,24,88,1
4356389,40,4,47,1
4361381,18,24,43,1
4366565,19,25,23,2
4380965,9,4,70,1
4381093,40,4,86,1
4392997,41,22,23,2
4393189,18,24,43,1
4406757,9,4,36,1
4411557,28,4,44,1
4416357,40,4,29,1
4416421,40,4,16,1
4416485,42,4,15,1
4421797,41,24,88,1
4398693,30,25,23,2
4426853,42,4,30,1
4433637,9,4,36,1
4399205,48,9,41,2
4433701,9,4,36,1
4433765,9,4,29,1
4443685,13,0,68,1
4381541,41,3,90,2
4400613,48,3,64,2
4462245,41,3,64,2
4372261,34,24,37,0
4403429,0,24,37,0
4436325,14,9,67,2
4360037,20,23,41,1
4453605,34,1,40,1
4400549,2,3,38,2
4420709,55,24,83,1
4420773,55,24,83,1
4420837,23,24,83,1
4432916,18,24,43,1
4449620,23,24,65,1
4454740,18,24,43,1
4454996,39,25,23,2
4356244,42,24,88,1
4356436,40,4,16,1
4361876,13,0,63,1
4361748,23,24,65,1
4381140,13,0,68,1
4399508,40,4,66,1
4399572,40,4,16,1
4406740,9,4,36,1
4406804,9,4,36,1
4416404,40,4,16,1
4416468,40,4,84,1
4426836,13,0,63,1
4433684,9,4,36,1
4433748,9,4,29,1
4433812,9,4,29,1
4443668,13,0,82,1
4368916,20,3,38,2
4443732,40,4,79,1
4421204,18,24,43,0
4356500,1,3,87,2
4400020,41,3,64,2
4400596,44,3,64,2
4400724,23,3,64,2
4416980,30,25,4,2
4358100,14,9,67,2
4462164,45,3,64,2
4468692,48,3,64,2
4373460,21,16,34,0
4360084,55,24,41,1
4360852,29,8,35,1
4392468,20,1,20,1
4397268,52,24,80,1
4397524,3,17,41,1
4420628,55,24,83,1
4448788,5,11,57,1
4460948,30,17,85,1
4432917,18,24,43,1
4449621,23,24,65,1
4454741,18,24,43,1
4454997,39,25,23,2
4356245,41,24,88,1
4356437,40,4,16,1
4361877,13,0,63,1
4381141,13,0,68,1
4399509,40,4,66,1
4399573,40,4,16,1
4406741,9,4,36,1
4406805,9,4,36,1
4416405,40,4,16,1
4416469,40,4,84,1
4426837,13,0,63,1
4433685,9,4,36,1
4433749,9,4,29,1
4433813,9,4,18,1
4443669,40,4,79,1
4356501,1,3,87,2
4368981,45,3,64,2
4400405,2,3,38,2
4400597,30,3,64,2
4400725,23,3,64,2
4416533,23,3,64,2
4416981,30,25,4,2
4434069,30,3,64,2
4462165,41,3,64,2
4462229,48,3,64,2
4463829,30,3,40,2
4468693,23,3,64,2
4370965,14,3,33,2
4373461,21,16,34,0
4374741,14,25,33,2
4378453,14,3,67,2
4360853,29,8,35,1
4392597,32,16,41,1
4420693,55,24,83,1
4448789,5,11,57,1
4460949,45,17,85,1
4398229,14,9,55,2
4437781,1,9,51,0
4421584,39,22,23,2
4432912,18,24,43,1
4449296,23,9,41,2
4449616,23,24,65,1
4449680,36,22,23,2
4454672,20,12,41,2
4454736,18,24,43,1
4454992,39,25,23,2
4356240,42,24,88,1
4356432,40,4,16,1
4361808,8,7,61,1
4361872,13,0,63,1
4361232,23,22,23,2
4361296,10,22,23,2
4367120,41,25,23,2
4381136,13,0,68,1
4399504,40,4,66,1
4393040,30,22,23,2
4399568,40,4,16,1
4406800,9,4,36,1
4368848,23,3,38,2
4416464,40,4,17,1
4421840,14,24,52,1
4399120,6,9,41,2
4433680,9,4,36,1
4433744,9,4,29,1
4433808,9,4,29,1
4439248,40,4,29,1
4443664,13,0,82,1
4356496,30,3,87,2
4377744,48,3,64,2
4381712,30,25,24,2
4400400,48,3,38,2
4400784,45,3,64,2
4462160,23,3,64,2
4462224,30,3,64,2
4468688,30,3,64,2
4357264,39,24,59,1
4409424,14,9,67,2
4424272,44,9,50,0
4444752,39,24,59,1
4470672,14,9,67,2
4360144,26,24,41,1
4360464,20,17,20,1
4360848,29,8,35,1
4375056,14,1,46,1
4385616,45,23,85,1
4397328,14,24,52,1
4420432,36,14,41,1
4420624,55,24,83,1
4460880,14,24,33,1
4398352,36,9,39,2
4432848,20,3,38,2
4373264,8,9,51,0
4432915,18,24,43,1
4449683,30,22,23,2
4454739,18,24,43,1
4454995,39,25,23,2
4356243,42,24,88,1
4356435,40,4,16,1
4361875,13,0,63,1
4381075,40,4,54,1
4381139,13,0,68,1
4399507,40,4,66,1
4393043,30,22,23,2
4399571,40,4,16,1
4406739,9,4,36,1
4406803,9,4,36,1
4416403,40,4,16,1
4416467,40,4,84,1
4426835,13,0,63,1
4433683,9,4,36,1
4433747,9,4,29,1
4433811,9,4,29,1
4443667,13,0,82,1
4443731,40,4,79,1
4368915,20,3,38,2
4356499,30,3,87,2
4381715,45,25,24,2
4400595,23,3,64,2
4400723,45,3,64,2
4406995,30,3,64,2
4432851,23,3,38,2
4416979,30,25,4,2
4462163,53,3,64,2
4462227,45,3,64,2
4468691,45,3,64,2
4373459,21,16,34,0
4378451,14,3,67,2
4384723,36,24,73,0
4402707,41,14,41,0
4403987,8,9,51,0
4423123,44,26,50,0
4427603,44,1,50,0
4444755,39,24,59,1
4360851,29,8,35,1
4365203,14,24,52,1
4392467,2,1,20,1
4392595,7,16,41,1
4397523,3,17,41,1
4425299,14,24,52,1
4448787,5,11,57,1
4460883,14,24,33,1
4460947,30,17,85,1
4356274,42,24,88,1
4356338,13,0,68,1
4356402,40,4,86,1
4361394,18,24,43,1
4366962,10,22,23,2
4386994,40,4,79,1
4387058,40,4,84,1
4393586,13,0,63,1
4393010,30,22,23,2
4393202,18,24,43,1
4406770,9,4,36,1
4416370,40,4,29,1
4416434,9,4,70,1
4421810,41,24,88,1
4421874,56,0,2,1
4433650,9,4,36,1
4433778,9,4,29,1
4439090,40,4,26,1
4439218,40,4,29,1
4443698,28,4,44,1
4381426,45,3,12,2
4400690,41,3,64,2
4411826,14,25,31,2
4444082,22,22,25,2
4450290,23,22,6,2
4455666,30,3,64,2
4358642,36,24,73,0
4418738,14,3,67,2
4424882,50,3,76,2
4441650,14,3,67,2
4458354,34,24,37,0
4462514,14,3,33,2
4360050,3,23,41,1
4360242,45,28,85,1
4375026,14,24,33,1
4420146,2,23,3,1
4420402,23,14,41,1
4420722,55,24,83,1
4425394,45,9,89,1
4448626,30,24,28,1
4453938,21,24,8,1
4467122,54,18,58,1
4376818,14,9,48,2
4421578,39,22,23,2
4432906,18,24,43,1
4449290,8,9,41,2
4454666,23,12,41,2
4356234,41,24,88,1
4356426,40,4,16,1
4361226,23,22,23,2
4367882,40,4,30,1
4380874,9,4,36,1
4399498,40,0,66,1
4393034,30,22,23,2
4399562,40,4,16,1
4406666,40,4,21,1
4406794,9,4,36,1
4416330,40,4,29,1
4416458,40,4,14,1
4421834,42,24,88,1
4433674,9,4,36,1
4433738,9,4,36,1
4433802,9,4,29,1
4439242,40,4,29,1
4356490,30,3,87,2
4377738,45,3,64,2
4381642,41,3,64,2
4400010,30,3,64,2
4400586,30,3,64,2
4432778,45,3,64,2
4434122,23,3,64,2
4462090,48,3,64,2
4462154,41,3,64,2
4463498,30,3,64,2
4357258,39,24,59,1
4402698,6,14,41,0
4436938,14,9,67,2
4441354,36,24,73,0
4444746,39,24,59,1
4360458,38,17,20,1
4360842,16,8,35,1
4365194,14,24,52,1
4391946,20,13,20,1
4425674,11,26,71,1
4430602,14,24,33,1
4432394,49,9,51,0
4421583,39,22,23,2
4432911,18,24,43,1
4449295,30,9,41,2
4449679,36,22,23,2
4454735,18,24,43,1
4454991,39,25,23,2
4356239,42,24,88,1
4356431,40,4,16,1
4361871,13,0,63,1
4361231,23,22,23,2
4361679,23,24,65,1
4367119,48,25,23,2
4381071,40,4,21,1
4381135,13,0,68,1
4399503,40,4,66,1
4393039,30,22,23,2
4399567,40,4,16,1
4406799,9,4,36,1
4416463,40,4,17,1
4433679,9,4,36,1
4433743,9,4,29,1
4433807,9,4,29,1
4439247,40,4,29,1
4443663,13,0,82,1
4368911,25,3,38,2
4356495,30,3,87,2
4368975,37,3,64,2
4400015,19,3,64,2
4400655,45,3,64,2
4462095,23,3,64,2
4462159,45,3,64,2
4462223,30,3,64,2
4357263,39,24,59,1
4372431,20,25,0,2
4388239,15,24,8,0
4444751,39,24,59,1
4360463,20,17,20,1
4360847,29,8,35,1
4385615,30,23,85,1
4392463,20,1,20,1
4397263,14,24,52,1
4397327,14,24,52,1
4397519,19,17,41,1
4420431,53,14,41,1
4453967,23,24,8,1
4432847,20,3,38,2
4356269,42,24,88,1
4356397,40,10,66,1
4361837,40,4,16,1
4366893,23,24,65,1
4366957,10,22,23,2
4381101,40,4,29,1
4393581,13,0,63,1
4393197,18,24,43,1
4406765,9,4,36,1
4416365,40,4,29,1
4416429,9,4,70,1
4421805,41,24,88,1
4433645,9,4,36,1
4433709,9,4,36,1
4433773,9,4,29,1
4439213,40,4,29,1
4356461,3,3,87,2
4368877,45,3,64,2
4369005,30,3,64,2
4381229,30,3,64,2
4399661,23,25,9,2
4400685,45,3,64,2
4462253,45,3,64,2
4409581,31,3,76,2
4412269,21,24,73,0
4458349,0,24,37,0
4458989,50,3,76,2
4360109,45,24,41,1
4392557,30,16,85,1
4392621,45,16,41,1
4420141,30,23,3,1
4453613,11,1,40,1
4453933,21,24,8,1
4461549,14,9,77,2
4462317,49,9,51,0
4420717,35,24,83,1
4420781,55,24,83,1
4449681,36,22,23,2
4454737,18,24,43,1
4454993,39,25,23,2
4356241,42,24,88,1
4356433,40,4,16,1
4361873,13,0,63,1
4361361,10,22,23,2
4367121,30,25,23,2
4381073,40,10,21,1
4381137,13,0,68,1
4393553,14,24,52,1
4399505,40,4,66,1
4393041,30,22,23,2
4399569,40,4,16,1
4406801,9,4,36,1
4393425,23,24,65,1
4416465,40,4,17,1
4426833,13,0,63,1
4433681,9,4,36,1
4433745,9,4,29,1
4433809,9,4,29,1
4439249,40,4,29,1
4443665,13,0,82,1
4368913,20,3,38,2
4356497,30,3,87,2
4377745,30,3,64,2
4400721,30,3,64,2
4416977,19,25,4,2
4462161,23,3,64,2
4468689,11,3,64,2
4357265,39,24,59,1
4384721,36,24,73,0
4402705,6,14,41,0
4417873,25,16,41,0
4444753,39,24,59,1
4360849,29,8,35,1
4385617,30,23,85,1
4392593,30,16,41,1
4453521,14,24,52,1
4460881,14,24,33,1
4376849,48,9,39,2
4432849,48,3,38,2
4420753,55,24,83,1
4356406,40,4,86,1
4361782,7,7,61,1
4361846,40,23,16,1
4361398,18,24,43,1
4377654,40,4,26,1
4381110,40,4,29,1
4386998,40,4,79,1
4387062,40,4,47,1
4393590,13,0,63,1
4393014,36,22,23,2
4406646,40,4,26,1
4393206,18,24,43,1
4406774,9,4,36,1
4421814,41,24,88,1
4421878,56,0,2,1
4398902,11,9,41,2
4433654,9,4,36,1
4399222,30,9,41,2
4433782,9,4,29,1
4439094,40,4,26,1
4439222,40,4,29,1
4443702,40,4,49,1
4356470,3,3,87,2
4368950,45,3,64,2
4433846,30,3,64,2
4450294,23,12,6,2
4455670,19,3,64,2
4358646,36,24,73,0
4461750,19,3,64,2
4462198,20,3,38,2
4372278,20,12,0,2
4382902,14,9,67,2
4442230,49,24,19,0
4460214,20,3,9,2
4360182,3,24,41,1
4360502,2,17,20,1
4392310,20,16,20,1
4392502,30,17,85,1
4397494,55,17,41,1
4404662,44,1,40,1
4420790,55,24,83,1
4448630,30,24,28,1
4467126,54,18,58,1
4376694,3,9,1,2
4400630,20,3,38,2
4432921,18,24,43,1
4449625,23,24,65,1
4454617,55,12,41,2
4454745,18,24,43,1
4454809,44,24,75,0
4356185,41,24,88,1
4356249,42,24,88,1
4356377,40,4,16,1
4361881,13,0,63,1
4361369,18,24,43,1
4361689,23,24,65,1
4361753,23,24,65,1
4381145,28,4,44,1
4386905,23,24,65,1
4399513,40,4,66,1
4399577,40,4,16,1
4393177,18,24,43,1
4406745,9,4,36,1
4406809,9,4,36,1
4416409,40,4,16,1
4416473,13,0,68,1
4421785,41,24,88,1
4398681,36,25,23,2
4433689,9,4,36,1
4433753,9,4,29,1
4439129,40,4,26,1
4443673,40,4,86,1
4443737,13,0,63,1
4362329,3,3,7,2
4368985,30,3,64,2
4416537,41,3,64,2
4432793,3,3,64,2
4443993,3,3,10,2
4462105,27,3,64,2
4462169,48,3,64,2
4373465,21,16,34,0
4395801,23,27,69,1
4437401,8,3,76,2
4450713,14,3,33,2
4464409,0,25,32,2
4360153,32,24,41,1
4360473,20,17,20,1
4365209,14,24,52,1
4380441,45,26,89,1
4400537,20,3,38,2
4420761,55,24,83,1
4454756,18,24,43,1
4356260,41,24,88,1
4356388,40,4,30,1
4361764,14,24,52,1
4361380,18,24,43,1
4366564,19,25,23,2
4380964,9,4,70,1
4392996,30,22,23,2
4393188,18,24,43,1
4406756,9,4,36,1
4416356,40,4,29,1
4416420,40,4,16,1
4416484,42,4,15,1
4421796,41,24,88,1
4398692,30,25,23,2
4426852,42,4,30,1
4433636,9,4,36,1
4433700,9,4,36,1
4433764,9,4,29,1
4443684,13,0,68,1
4356452,14,25,31,2
4368996,30,3,64,2
4400740,30,3,64,2
4427108,27,3,45,2
4432804,41,3,64,2
4358436,23,24,69,1
4463716,48,22,39,2
4372260,34,24,37,0
4403428,0,24,37,0
4360036,51,23,41,1
4360164,20,24,41,1
4360484,20,17,20,1
4364964,52,9,51,0
4420836,2,24,83,1
4449312,7,9,41,2
4454624,30,12,41,2
4454752,18,24,43,1
4356256,41,24,88,1
4356448,40,4,16,1
4361824,55,7,61,1
4361376,18,24,43,1
4361632,23,24,65,1
4366560,30,25,23,2
4393184,18,24,43,1
4406752,9,4,36,1
4416416,40,4,16,1
4416480,13,0,68,1
4421792,41,24,88,1
4398688,30,25,23,2
4433696,9,4,36,1
4433760,9,4,29,1
4439200,28,4,21,1
4443680,13,0,68,1
4356512,14,25,31,2
4400608,48,3,64,2
4400672,41,3,64,2
4400736,23,3,64,2
4427104,27,3,45,2
4372256,0,24,37,0
4385504,8,9,51,0
4436576,14,3,33,2
4452384,31,3,76,2
4360032,20,23,41,1
4380448,7,26,89,1
4397344,14,24,52,1
4453472,14,24,52,1
4431456,32,9,40,2
4438752,14,9,55,2
4454176,32,9,40,2
4421475,23,24,65,1
4356259,41,24,88,1
4356387,40,4,30,1
4361187,17,22,23,2
4361379,18,24,43,1
4361699,23,24,65,1
4366563,19,25,23,2
4380963,9,4,70,1
4393187,18,24,43,1
4406755,9,4,36,1
4416355,40,4,29,1
4416419,40,4,16,1
4416483,42,4,15,1
4421795,41,24,88,1
4398691,30,25,23,2
4426851,42,4,30,1
4433635,9,4,36,1
4433699,9,4,36,1
4433763,9,4,29,1
4443683,13,0,68,1
4381539,41,3,90,2
4393763,23,25,5,2
4400739,23,3,64,2
4427107,27,3,45,2
4432803,23,3,64,2
4463843,30,3,40,2
4372259,34,24,37,0
4403427,0,24,37,0
4436323,14,9,67,2
4360035,30,23,41,1
4360483,20,17,20,1
4392291,20,16,20,1
4392547,48,1,39,1
4400547,48,3,38,2
4420707,55,24,83,1
4420771,55,24,83,1
4432896,18,24,43,1
4449664,23,24,65,1
4356224,41,24,88,1
4356352,13,0,68,1
4356416,40,4,17,1
4361792,30,7,61,1
4366976,41,22,23,2
4387072,24,2,22,1
4399488,40,4,66,1
4393024,30,22,23,2
4399552,40,4,16,1
4406784,9,4,36,1
4416384,42,0,62,1
4416320,40,4,29,1
4421824,41,24,88,1
4433664,9,4,36,1
4443712,40,4,86,1
4356480,30,3,87,2
4369024,41,3,64,2
4399680,30,25,9,2
4411904,23,3,64,2
4462016,41,3,72,2
4359040,31,24,41,0
4462272,30,3,64,2
4357248,39,24,59,1
4401216,36,24,73,0
4424896,23,3,76,2
4444736,39,24,59,1
4450752,44,22,50,0
4460224,20,3,9,2
4469312,0,22,32,2
4375296,7,9,89,1
4397504,46,17,41,1
4420160,23,23,3,1
4420736,35,24,83,1
4420800,55,24,83,1
4438208,3,20,85,1
4448640,30,24,28,1
4453952,21,24,8,1
4472576,20,26,71,1
4420992,14,9,77,2
4442880,23,9,5,2
4449267,45,9,41,2
4356275,42,24,88,1
4356339,13,0,68,1
4356403,40,4,86,1
4361779,47,7,61,1
4361395,18,24,43,1
4361715,23,24,65,1
4366963,10,22,23,2
4386995,40,4,79,1
4387059,40,4,84,1
4393587,13,0,63,1
4393011,30,22,23,2
4393203,18,24,43,1
4406771,9,4,36,1
4393523,18,24,43,0
4416435,9,4,70,1
4421811,41,24,88,1
4421875,56,0,2,1
4433651,9,4,36,1
4433779,9,4,29,1
4439091,40,4,26,1
4439219,40,4,29,1
4368883,48,3,64,2
4381235,53,3,64,2
4400691,23,3,64,2
4433843,30,3,64,2
4444083,22,22,25,2
4358643,36,24,73,0
4462195,20,3,38,2
4462259,53,3,64,2
4422579,1,12,0,2
4424435,23,24,53,1
4424883,50,3,76,2
4447539,14,3,67,2
4458355,34,24,37,0
4375027,14,24,33,1
4392499,30,17,85,1
4420147,38,23,3,1
4448563,20,13,57,1
4448627,30,24,28,1
4453939,21,24,8,1
4432919,18,24,43,1
4454743,18,24,43,1
4454999,39,25,23,2
4356183,41,24,88,1
4356247,41,24,88,1
4356439,40,4,16,1
4361879,13,0,63,1
4361367,18,24,43,1
4381143,13,0,68,1
4399511,40,4,66,1
4393047,18,24,43,0
4399575,40,4,16,1
4393175,18,24,43,1
4406743,9,4,36,1
4406807,9,4,36,1
4398359,23,24,65,1
4416407,40,4,16,1
4416471,13,0,68,1
4421783,41,24,88,1
4433687,9,4,36,1
4433751,9,4,29,1
4368919,20,3,38,2
4443671,40,4,86,1
4356503,48,3,87,2
4400727,41,3,64,2
4416983,30,25,4,2
4432855,25,3,38,2
4434071,45,3,64,2
4358423,23,24,69,1
4462103,30,3,64,2
4373463,21,16,34,0
4395799,23,27,69,1
4402711,33,14,41,0
4419863,8,9,51,0
4447511,50,3,76,2
4360087,55,24,41,1
4360471,54,17,20,1
4365207,14,24,52,1
4397271,21,24,80,1
4460951,30,17,85,1
4438423,14,9,77,2
4420759,55,24,83,1
4421580,39,22,23,2
4432908,18,24,43,1
4449292,45,9,41,2
4454732,18,24,43,1
4356236,41,24,88,1
4356428,40,4,16,1
4361228,23,22,23,2
4361292,10,22,23,2
4367884,40,4,30,1
4380876,9,4,36,1
4399500,40,0,66,1
4393036,30,22,23,2
4399564,40,4,16,1
4406796,9,4,36,1
4416332,40,4,29,1
4416460,40,4,17,1
4433676,9,4,36,1
4433740,9,4,36,1
4433804,9,4,29,1
4439244,40,4,29,1
4443660,40,4,30,1
4356492,30,3,87,2
4369036,45,3,64,2
4400588,45,3,64,2
4400780,30,3,64,2
4411788,48,25,5,2
4416972,23,25,4,2
4427276,23,22,6,2
4462156,30,3,64,2
4463500,45,3,64,2
4357260,39,24,59,1
4373260,49,9,51,0
4383436,14,9,67,2
4434764,14,9,67,2
4436940,14,9,67,2
4444748,39,24,59,1
4360012,20,23,41,1
4360844,16,8,35,1
4365196,14,24,52,1
4392332,20,16,20,1
4397516,20,17,41,1
4420684,55,24,83,1
4420748,55,24,83,1
4430604,14,24,33,1
4410892,36,9,39,2
4421571,39,22,23,2
4426691,23,19,23,1
4432899,18,24,43,1
4356227,41,24,88,1
4356355,13,0,68,1
4356419,40,4,16,1
4361795,23,7,61,1
4381123,40,4,29,1
4387011,9,4,18,1
4399491,40,4,66,1
4393027,30,22,23,2
4399555,40,4,16,1
4406787,9,4,36,1
4416323,40,4,29,1
4421827,41,24,88,1
4398915,3,9,41,2
4433667,9,4,36,1
4399299,23,22,65,2
4433795,9,4,29,1
4356483,47,3,87,2
4367939,39,3,32,2
4369027,30,3,64,2
4381635,30,3,64,2
4411907,30,3,64,2
4434115,23,3,64,2
4463491,45,3,64,2
4357251,39,24,59,1
4372099,21,16,81,0
4444739,39,24,59,1
4392451,20,1,20,1
4420675,20,24,83,1
4420163,25,23,3,1
4420419,8,14,41,1
4453955,21,24,8,1
4472579,11,26,71,1
4454211,23,9,5,2
4454275,48,9,39,2
4400643,20,3,38,2
4421470,23,24,65,1
4426590,23,24,65,1
4454750,18,24,43,1
4356254,41,24,88,1
4356446,40,4,16,1
4356126,23,24,65,1
4361374,18,24,43,1
4366558,30,25,23,2
4386974,13,0,22,1
4393182,18,24,43,1
4406750,9,4,36,1
4406814,9,4,36,1
4416414,40,4,16,1
4416478,13,0,68,1
4421790,41,24,88,1
4398750,30,25,23,2
4398814,23,22,65,2
4433694,9,4,36,1
4433758,9,4,29,1
4439134,40,4,26,1
4443678,13,0,68,1
4443742,13,0,63,1
4368990,31,3,64,2
4400734,48,3,64,2
4416542,30,3,64,2
4432862,2,3,38,2
4427102,27,3,45,2
4432798,41,3,64,2
4434078,45,3,64,2
4364254,50,3,76,2
4372254,0,24,37,0
4373470,21,16,34,0
4379806,46,5,60,0
4395806,1,27,69,1
4408990,14,3,67,2
4452382,8,3,76,2
4360158,30,24,41,1
4380446,45,26,89,1
4392158,30,27,85,1
4392286,2,16,20,1
4431454,41,9,40,2
4400542,20,3,38,2
4432920,18,24,43,1
4449304,8,9,41,2
4449624,23,24,65,1
4454744,18,24,43,1
4454808,44,24,75,0
4455000,39,25,23,2
4356184,41,24,88,1
4356248,41,24,88,1
4361880,13,0,63,1
4361368,18,24,43,1
4361752,23,24,65,1
4381080,40,4,21,1
4381144,13,0,68,1
4399512,40,4,66,1
4399576,40,4,16,1
4393176,18,24,43,1
4406744,9,4,36,1
4406808,9,4,36,1
4416408,40,4,16,1
4416472,13,0,68,1
4421784,41,24,88,1
4398680,36,25,23,2
4433688,9,4,36,1
4433752,9,4,29,1
4368920,20,3,38,2
4443672,40,4,86,1
4356504,48,3,87,2
4362328,3,3,7,2
4368856,2,3,38,2
4400024,37,3,64,2
4400728,30,3,64,2
4407000,55,3,64,2
4416536,48,3,64,2
4416984,23,25,4,2
4468696,30,3,64,2
4373464,21,16,34,0
4379800,51,5,60,0
4418968,14,9,67,2
4360472,54,17,20,1
4392472,20,1,20,1
4420632,55,24,83,1
4438424,14,9,77,2
4400536,23,3,38,2
4420760,35,24,83,1
4419782,49,6,40,0
4421574,39,22,23,2
4421766,23,24,65,1
4432902,18,24,43,1
4454662,45,12,41,2
4356230,41,24,88,1
4356358,13,0,68,1
4356422,40,4,16,1
4361798,11,7,61,1
4367110,19,25,23,2
4367878,40,4,30,1
4381126,40,4,29,1
4399494,40,0,66,1
4393030,30,22,23,2
4399558,40,4,16,1
4406790,9,4,36,1
4416326,40,4,29,1
4421830,42,24,88,1
4398918,3,9,41,2
4433670,9,4,36,1
4433734,9,4,36,1
4433798,9,4,29,1
4439238,40,4,29,1
4367942,39,3,32,2
4381638,45,3,64,2
4411910,43,3,64,2
4357254,39,24,59,1
4372102,21,16,81,0
4372294,20,3,0,2
4424902,8,3,76,2
4444742,39,24,59,1
4451462,14,3,33,2
4360838,29,8,35,1
4391942,20,13,20,1
4392646,6,16,41,1
4420742,55,24,83,1
4425670,20,26,71,1
4453958,21,24,8,1
4385990,14,9,55,2
4415366,36,9,39,2
4400646,20,3,38,2
4462342,55,9,51,0
4449589,23,24,65,1
4356341,13,0,68,1
4356405,40,4,86,1
4361781,3,7,61,1
4361845,40,23,16,1
4361397,18,24,43,1
4377653,40,4,26,1
4381109,40,4,29,1
4386997,40,4,79,1
4387061,40,4,47,1
4393589,13,0,63,1
4393013,36,22,23,2
4393205,18,24,43,1
4406773,9,4,36,1
4393525,23,24,65,1
4421813,41,24,88,1
4421877,56,0,2,1
4433653,9,4,36,1
4399221,44,9,41,2
4433781,9,4,29,1
4439093,40,4,26,1
4439221,40,4,29,1
4443701,40,4,49,1
4421237,23,24,65,1
4356469,3,3,87,2
4378101,48,3,64,2
4381237,45,3,64,2
4400693,30,3,64,2
4432821,23,3,64,2
4433845,30,3,64,2
4358645,36,24,73,0
4461749,17,3,64,2
4462133,41,3,64,2
4462197,20,3,38,2
4372277,20,12,0,2
4440949,14,9,67,2
4456629,21,24,73,0
4458357,34,24,37,0
4460213,20,3,9,2
4360181,32,24,41,1
4360245,30,28,85,1
4366133,35,24,41,1
4392309,20,16,20,1
4392629,33,16,41,1
4397301,45,24,80,1
4404661,53,1,40,1
4420789,55,24,83,1
4438197,30,20,85,1
4376693,3,9,1,2
4400629,20,3,38,2
4410421,49,9,51,0
4448629,30,24,28,1
4421575,39,22,23,2
4432903,18,24,43,1
4356231,41,24,88,1
4356423,40,4,16,1
4361799,23,7,61,1
4361223,23,22,23,2
4367879,40,4,30,1
4381127,40,0,21,1
4399495,40,0,66,1
4393031,30,22,23,2
4399559,40,4,16,1
4406791,9,4,36,1
4416327,40,4,29,1
4421831,42,24,88,1
4433671,9,4,36,1
4433735,9,4,36,1
4433799,9,4,29,1
4439239,40,4,29,1
4443719,45,15,85,1
4367943,39,3,32,2
4381639,23,3,64,2
4433863,31,3,64,2
4444103,20,22,9,2
4462279,48,3,64,2
4463495,23,3,64,2
4357255,39,24,59,1
4372103,21,16,81,0
4372295,20,3,0,2
4374151,14,9,67,2
4403911,49,24,19,0
4414535,36,24,73,0
4441351,36,24,73,0
4444743,39,24,59,1
4451015,21,24,85,0
4360839,16,8,35,1
4391943,46,13,20,1
4397319,4,24,80,1
4420743,55,24,83,1
4425671,11,26,71,1
4453959,7,24,8,1
4393671,39,3,32,2
4400647,20,3,38,2
4421582,39,22,23,2
4432910,18,24,43,1
4454734,18,24,43,1
4454990,39,25,23,2
4356238,42,24,88,1
4356430,40,4,16,1
4361230,23,22,23,2
4367886,40,4,30,1
4380878,9,4,36,1
4381070,40,0,21,1
4381134,13,0,68,1
4399502,40,0,66,1
4393038,30,22,23,2
4399566,40,4,16,1
4406670,40,4,21,1
4406798,9,4,36,1
4416462,40,4,17,1
4433678,9,4,36,1
4433742,9,4,36,1
4433806,9,4,29,1
4439246,40,4,29,1
4443662,40,4,30,1
4356494,30,3,87,2
4400014,30,3,64,2
4400398,20,3,38,2
4400590,48,3,64,2
4400718,30,3,64,2
4400782,23,3,64,2
4432846,20,3,38,2
4416974,23,25,4,2
4444110,22,22,9,2
4462094,23,3,64,2
4357262,39,24,59,1
4372430,20,25,0,2
4434766,14,9,67,2
4444750,39,24,59,1
4452366,50,3,76,2
4360014,46,23,41,1
4360462,20,17,20,1
4360846,29,8,35,1
4365198,14,24,52,1
4397326,41,24,80,1
4420686,55,24,83,1
4453518,14,24,52,1
4400654,20,3,38,2
4420814,55,24,83,1
4421572,39,22,23,2
4432900,18,24,43,1
4449668,34,22,23,2
4454660,41,12,41,2
4356228,41,24,88,1
4356356,13,0,68,1
4356420,40,4,16,1
4361796,34,7,61,1
4381124,40,4,29,1
4399492,40,4,66,1
4393028,30,22,23,2
4399556,40,4,16,1
4406788,9,4,36,1
4416324,40,4,29,1
4421828,42,24,88,1
4398916,53,9,41,2
4433668,9,4,36,1
4433796,9,4,29,1
4443716,30,15,85,1
4356484,47,3,87,2
4367940,39,3,32,2
4381636,30,3,64,2
4411908,30,3,64,2
4434116,23,3,64,2
4444100,30,22,9,2
4462020,41,3,72,2
4462148,30,3,64,2
4357252,39,24,59,1
4372100,21,16,81,0
4444740,39,24,59,1
4360004,6,23,41,1
4360836,16,8,35,1
4392452,54,1,20,1
4420676,20,24,83,1
4420740,35,24,83,1
4425668,23,26,71,1
4453956,21,24,8,1
4472580,11,26,71,1
4454276,14,9,48,2
4400644,2,3,38,2
4449710,23,24,65,1
4356270,42,24,88,1
4356398,40,10,66,1
4361838,40,4,16,1
4361390,18,24,43,1
4366958,48,22,23,2
4380846,9,4,36,1
4386990,40,4,79,1
4393582,13,0,63,1
4393198,18,24,43,1
4406766,9,4,36,1
4416366,40,4,29,1
4416430,9,4,70,1
4421806,41,24,88,1
4433646,9,4,36,1
4399214,30,9,41,2
4433710,9,4,36,1
4433774,9,4,29,1
4439214,40,4,29,1
4368942,41,3,64,2
4369006,53,3,64,2
4381230,30,3,64,2
4444078,23,22,9,2
4462190,20,3,38,2
4464046,30,3,64,2
4412270,21,24,73,0
4360046,53,23,41,1
4392622,30,16,41,1
4425326,14,24,52,1
4425390,55,9,89,1
4453934,21,24,8,1
4398190,32,9,40,2
4385518,52,3,51,0
4420718,55,24,83,1
4420782,55,24,83,1
4454751,18,24,43,1
4454943,23,25,23,2
4356255,41,24,88,1
4356447,40,4,16,1
4361375,18,24,43,1
4366559,30,25,23,2
4386975,13,0,22,1
4393183,18,24,43,1
4406751,9,4,36,1
4406815,9,4,36,1
4416415,40,4,16,1
4416479,13,0,68,1
4421791,41,24,88,1
4398751,11,25,23,2
4399199,45,9,41,2
4433695,9,4,36,1
4433759,9,4,29,1
4439199,28,4,21,1
4443679,13,0,68,1
4400735,30,3,64,2
4432863,25,3,38,2
4427103,27,3,45,2
4434079,30,3,64,2
4462111,1,3,64,2
4372255,0,24,37,0
4373471,21,16,34,0
4395807,1,27,69,1
4452383,31,3,76,2
4465119,23,12,0,2
4471647,14,3,67,2
4360095,11,24,41,1
4380447,3,26,89,1
4392607,35,16,41,1
4397279,43,24,80,1
4431455,11,9,40,2
4400543,20,3,38,2
4421654,17,25,23,2
4432918,18,24,43,1
4449622,23,24,65,1
4454742,18,24,43,1
4454998,39,25,23,2
4356246,41,24,88,1
4356438,40,4,16,1
4361878,13,0,63,1
4361366,18,24,43,1
4381142,13,0,68,1
4399510,40,4,66,1
4399574,40,4,16,1
4393174,18,24,43,1
4406742,9,4,36,1
4406806,9,4,36,1
4416406,40,4,16,1
4416470,40,4,84,1
4433686,9,4,36,1
4433750,9,4,29,1
4439190,28,4,21,1
4443670,40,4,79,1
4356502,1,3,87,2
4368854,20,3,38,2
4368982,23,3,64,2
4400022,48,3,64,2
4400598,52,3,64,2
4400662,23,3,64,2
4406998,45,3,64,2
4416534,45,3,64,2
4416982,30,25,4,2
4443990,31,12,78,2
4462102,30,3,64,2
4462166,30,3,64,2
4373462,21,16,34,0
4379798,41,5,60,0
4418966,14,9,67,2
4437398,23,3,76,2
4360470,11,17,20,1
4392598,45,16,41,1
4453526,14,24,52,1
4432854,20,3,38,2
4421576,39,22,23,2
4421640,23,24,65,1
4432904,18,24,43,1
4449480,23,24,65,1
4454664,30,12,41,2
4356232,41,24,88,1
4356424,40,4,16,1
4361800,48,7,61,1
4361224,23,22,23,2
4367880,40,4,30,1
4380872,9,4,36,1
4381128,40,4,21,1
4399496,40,0,66,1
4393032,30,22,23,2
4399560,40,4,16,1
4406792,9,4,36,1
4416328,40,4,29,1
4421832,42,24,88,1
4433672,9,4,36,1
4433736,9,4,36,1
4433800,9,4,29,1
4439240,40,4,29,1
4443720,30,15,85,1
4367944,39,3,32,2
4381704,2,25,24,2
4393672,39,3,32,2
4427272,23,12,6,2
4434120,19,3,64,2
4463496,30,3,64,2
4357256,39,24,59,1
4372104,21,16,81,0
4372296,30,3,0,2
4414536,36,24,73,0
4437384,50,3,76,2
4437768,49,24,19,0
4441352,36,24,73,0
4444744,39,24,59,1
4451016,37,24,85,0
4360456,20,17,20,1
4360840,16,8,35,1
4397256,14,24,52,1
4397512,30,17,41,1
4420424,20,14,41,1
4425672,20,26,71,1
4453256,30,24,27,1
4453960,21,24,8,1
4425928,36,9,39,2
4420808,55,24,83,1
4421722,23,24,65,1
4449626,23,24,65,1
4454682,3,12,41,2
4454746,18,24,43,1
4454810,44,24,75,0
4356186,41,24,88,1
4356250,42,24,88,1
4356378,40,4,16,1
4361882,13,0,63,1
4361370,18,24,43,1
4361754,23,24,65,1
4399578,40,4,16,1
4393178,18,24,43,1
4406746,9,4,36,1
4406810,9,4,36,1
4416410,40,4,16,1
4416474,13,0,68,1
4421786,41,24,88,1
4398682,48,25,23,2
4433690,9,4,36,1
4433754,9,4,29,1
4439130,40,4,26,1
4443674,40,4,86,1
4443738,13,0,63,1
4415642,23,11,65,1
4356506,30,3,87,2
4362330,3,3,7,2
4368858,20,3,38,2
4368986,11,3,64,2
4400026,45,3,64,2
4400666,41,3,64,2
4449946,14,25,31,2
4450074,31,22,78,2
4462106,30,3,64,2
4373466,21,16,34,0
4388122,14,3,33,2
4437402,31,3,76,2
4360154,30,24,41,1
4392474,25,1,20,1
4420698,35,24,83,1
4425306,14,24,52,1
4430618,14,24,33,1
4400538,25,3,38,2
4417370,55,9,51,0
4454753,18,24,43,1
4356257,41,24,88,1
4361825,23,7,61,1
4361185,23,22,23,2
4361377,18,24,43,1
4361633,44,24,75,0
4367137,50,25,23,2
4380961,9,4,70,1
4393185,18,24,43,1
4406753,9,4,36,1
4416417,40,4,16,1
4416481,42,4,15,1
4421793,41,24,88,1
4398689,30,25,23,2
4433697,9,4,36,1
4433761,9,4,29,1
4439201,40,0,21,1
4443681,13,0,68,1
4368865,23,3,64,2
4368993,45,3,64,2
4400609,3,3,64,2
4400673,23,3,64,2
4400737,41,3,64,2
4416545,30,3,64,2
4427105,27,3,45,2
4432865,30,3,64,2
4444001,31,3,78,2
4372257,0,24,37,0
4395809,1,27,69,1
4409569,50,3,76,2
4419809,49,24,19,0
4458273,14,3,33,2
4464097,14,3,33,2
4465057,23,22,0,2
4471649,14,3,67,2
4360033,30,23,41,1
4360097,15,24,41,1
4380449,45,26,89,1
4392289,20,16,20,1
4392481,38,1,20,1
4454177,11,9,40,2
4449308,6,9,41,2
4454684,3,12,41,2
4454748,18,24,43,1
4356252,41,24,88,1
4356380,40,4,16,1
4361372,18,24,43,1
4386972,13,0,22,1
4399580,40,4,16,1
4393180,18,24,43,1
4406748,9,4,36,1
4406812,9,4,36,1
4416348,40,4,54,1
4416476,13,0,68,1
4421788,41,24,88,1
4398748,30,25,23,2
4398684,41,25,23,2
4426844,42,4,30,1
4433692,9,4,36,1
4433756,9,4,29,1
4439132,40,4,26,1
4439196,40,10,21,1
4443676,13,0,68,1
4443740,13,0,63,1
4368988,30,3,64,2
4400668,31,3,64,2
4400732,30,3,64,2
4434076,45,3,64,2
4456284,45,3,11,2
4372252,0,24,37,0
4373468,21,16,34,0
4424220,44,12,50,0
4447516,23,3,76,2
4360156,45,24,41,1
4380444,45,26,89,1
4392156,45,27,85,1
4392476,20,1,20,1
4420828,43,24,83,1
4430620,14,24,33,1
4421650,41,25,23,2
4432914,18,24,43,1
4449682,36,22,23,2
4454738,18,24,43,1
4454994,39,25,23,2
4356242,42,24,88,1
4356434,40,4,16,1
4361874,13,0,63,1
4361362,10,22,23,2
4367122,30,25,23,2
4381138,13,0,68,1
4393554,14,24,52,1
4399506,40,4,66,1
4393042,30,22,23,2
4399570,40,4,16,1
4406674,40,4,21,1
4406738,9,4,36,1
4406802,9,4,36,1
4393426,23,24,65,1
4416466,40,4,17,1
4426834,13,0,63,1
4433682,9,4,36,1
4433746,9,4,29,1
4433810,9,4,29,1
4439250,40,4,29,1
4443666,13,0,82,1
4443730,40,4,79,1
4356498,30,3,87,2
4356626,44,3,12,2
4377746,30,3,64,2
4381714,45,25,24,2
4400594,30,3,64,2
4400722,30,3,64,2
4416978,30,25,4,2
4358098,14,9,67,2
4462162,45,3,64,2
4384722,36,24,73,0
4409426,14,9,67,2
4423122,44,26,50,0
4444754,39,24,59,1
4447378,14,3,33,2
4470674,14,9,67,2
4360850,29,8,35,1
4397330,14,24,52,1
4420690,55,24,83,1
4448786,5,11,57,1
4460882,14,24,33,1
4376850,14,9,77,2
4438738,14,9,55,2
4373266,49,9,51,0
4421579,39,22,23,2
4421643,41,25,23,2
4432907,18,24,43,1
4449291,30,9,41,2
4356235,41,24,88,1
4356427,40,4,16,1
4361227,23,22,23,2
4361291,10,22,23,2
4367883,40,4,30,1
4380875,9,4,36,1
4399499,40,0,66,1
4399563,40,4,16,1
4393035,30,22,23,2
4406667,40,0,21,1
4406795,9,4,36,1
4416331,40,4,29,1
4416459,40,4,14,1
4421835,42,24,88,1
4433675,9,4,36,1
4399243,23,9,41,2
4433739,9,4,36,1
4433803,9,4,29,1
4439243,40,4,29,1
4356491,30,3,87,2
4400779,45,3,64,2
4411787,48,25,5,2
4432779,45,3,64,2
4462091,45,3,64,2
4462155,45,3,64,2
4468683,48,22,39,2
4357259,39,24,59,1
4373259,8,9,51,0
4408331,54,24,89,0
4409931,1,27,69,1
4444747,39,24,59,1
4469771,14,9,67,2
4360011,23,23,41,1
4360843,16,8,35,1
4392331,12,16,20,1
4392459,54,1,20,1
4392587,55,16,41,1
4420683,55,24,83,1
4425675,11,26,71,1
4430603,14,24,33,1
4432395,49,9,51,0
4426615,23,24,65,1
4426679,36,19,23,1
4454647,48,12,41,2
4356407,40,4,86,1
4361783,23,7,61,1
4361847,40,23,16,1
4361399,18,24,43,1
4376951,18,24,43,0
4381111,40,4,29,1
4386999,40,4,79,1
4387063,40,4,47,1
4393591,13,0,63,1
4406647,40,4,26,1
4393207,18,24,43,1
4406775,9,4,36,1
4421815,41,24,88,1
4421879,56,0,2,1
4433655,9,29,36,1
4433783,9,4,29,1
4439095,40,4,26,1
4406007,44,24,75,0
4439223,40,4,29,1
4443703,40,4,49,1
4356471,3,3,87,2
4368887,30,3,64,2
4378103,30,3,64,2
4462007,45,3,72,2
4462135,53,3,64,2
4462199,20,3,38,2
4358007,14,9,67,2
4440951,14,9,67,2
4442231,49,24,19,0
4458999,23,3,76,2
4460215,20,3,9,2
4360055,30,23,41,1
4360503,2,17,20,1
4392311,20,16,20,1
4392503,30,17,85,1
4392631,53,16,41,1
4404663,34,1,40,1
4420151,51,23,3,1
4420791,55,24,83,1
4448631,30,24,28,1
4453943,21,24,8,1
4460599,14,1,46,1
4467127,19,18,58,1
4376695,3,9,1,2
4400631,20,3,38,2
4426160,23,24,65,1
4454640,35,12,41,2
4356272,42,24,88,1
4356400,40,10,66,1
4361776,45,7,61,1
4361392,18,24,43,1
4380848,9,4,36,1
4393584,13,0,63,1
4393200,18,24,43,1
4406768,9,4,36,1
4416368,40,4,29,1
4416432,9,4,70,1
4421808,41,24,88,1
4433648,9,4,36,1
4399216,45,9,41,2
4433776,9,4,29,1
4421232,23,24,65,1
4368880,30,3,64,2
4378096,23,3,64,2
4381424,48,3,12,2
4432816,30,3,64,2
4432880,48,3,64,2
4433840,48,3,64,2
4444080,22,22,25,2
4358640,36,24,73,0
4461744,30,3,64,2
4462256,30,3,64,2
4464048,45,3,64,2
4458736,14,3,33,2
4360048,3,23,41,1
4365232,2,24,20,1
4375024,14,24,33,1
4392624,20,16,41,1
4420720,55,24,83,1
4448624,30,24,28,1
